Annual Distance (miles/vehicle),2020.0
LDVs,11645.330572287
HDVs,8788.548865532
aircraft,2233600.775193731
rail,77395.605263158
ships,198.995343171
motorbikes,1979.695939797
