Annual Distance (miles/vehicle),2020.0
LDVs,11595.584568912
HDVs,15371.992154034
aircraft,1644743.202697252
rail,67880.710526316
ships,211.901225167
motorbikes,2286.130228215
