Annual Distance (miles/vehicle),2020.0
LDVs,10465.080609905
HDVs,30821.397218197
aircraft,1598598.213057852
rail,17050.193455743
ships,69429.222833626
motorbikes,0.0
