Annual Distance (miles/vehicle),2020.0
LDVs,10160.045742843
HDVs,32291.529927299
aircraft,1744136.072177472
rail,17228.311190116
ships,66929.225765463
motorbikes,0.0
