Annual Distance (miles/vehicle),2020.0
LDVs,10425.919300114
HDVs,31072.378892331
aircraft,2056756.218032463
rail,17189.256925351
ships,69672.898443129
motorbikes,0.0
