Annual Distance (miles/vehicle),2020.0
LDVs,11552.702743823
HDVs,15497.13199351
aircraft,2116126.738781034
rail,77395.605263158
ships,211.304960766
motorbikes,2277.144635607
