Unit: dimensionless,Year2020,Year2021,Year2022,Year2023,Year2024,Year2025,Year2026,Year2027,Year2028,Year2029,Year2030,Year2031,Year2032,Year2033,Year2034,Year2035,Year2036,Year2037,Year2038,Year2039,Year2040,Year2041,Year2042,Year2043,Year2044,Year2045,Year2046,Year2047,Year2048,Year2049,Year2050,Year2051,Year2052,Year2053,Year2054,Year2055,Year2056,Year2057,Year2058,Year2059,Year2060,Year2061,Year2062,Year2063,Year2064,Year2065,Year2066,Year2067,Year2068,Year2069,Year2070,Year2071,Year2072,Year2073,Year2074,Year2075,Year2076,Year2077,Year2078,Year2079,Year2080,Year2081,Year2082,Year2083,Year2084,Year2085,Year2086,Year2087,Year2088,Year2089,Year2090,Year2091,Year2092,Year2093,Year2094,Year2095,Year2096,Year2097,Year2098,Year2099,Year2100
RPS Fraction (dimensionless),0.0,0.0,0.0,0.019339941160733124,0.03867988232146625,0.058019823482199376,0.0773597646429325,0.09669970580366562,0.11603964696439875,0.1425629948419756,0.16908634271955245,0.1956096905971293,0.22213303847470614,0.24865638635228304,0.2776662980933827,0.3066762098344824,0.3356861215755821,0.36469603331668177,0.39370594505778145,0.42271585679888113,0.4517257685399808,0.4807356802810805,0.5097455920221802,0.5387555037632799,0.5677654155043795,0.5967753272454792,0.6257852389865789,0.6547951507276786,0.6838050624687783,0.7128149742098779,0.7418248859509776,0.7708347976920773,0.799844709433177,0.8288546211742768,0.8288546211742768,0.8288546211742768,0.8288546211742768,0.8288546211742768,0.8288546211742768,0.8288546211742768,0.8288546211742768,0.8288546211742768,0.8288546211742768,0.8288546211742768,0.8288546211742768,0.8288546211742768,0.8288546211742768,0.8288546211742768,0.8288546211742768,0.8288546211742768,0.8288546211742768,0.8288546211742768,0.8288546211742768,0.8288546211742768,0.8288546211742768,0.8288546211742768,0.8288546211742768,0.8288546211742768,0.8288546211742768,0.8288546211742768,0.8288546211742768,0.8288546211742768,0.8288546211742768,0.8288546211742768,0.8288546211742768,0.8288546211742768,0.8288546211742768,0.8288546211742768,0.8288546211742768,0.8288546211742768,0.8288546211742768,0.8288546211742768,0.8288546211742768,0.8288546211742768,0.8288546211742768,0.8288546211742768,0.8288546211742768,0.8288546211742768,0.8288546211742768,0.8288546211742768,0.8288546211742768
