solar pv,Hour0,Hour1,Hour2,Hour3,Hour4,Hour5,Hour6,Hour7,Hour8,Hour9,Hour10,Hour11,Hour12,Hour13,Hour14,Hour15,Hour16,Hour17,Hour18,Hour19,Hour20,Hour21,Hour22,Hour23
Winter,0,0,0,0,0.0,0.0,0.000855386427221264,0.17126478940445114,0.4150502424142991,0.4711969165588114,0.4600194960188318,0.44366649500808897,0.44772401217306657,0.4621076326401158,0.4413394541405448,0.28005231693223365,0.0446349375772686,2.034594656635455e-06,0.0,0,0,0,0,0
Spring,0,0,0,0,1.1645377311005566e-05,0.07140329634515159,0.30167256225721795,0.5179339116681727,0.6219182966312851,0.6603721356416953,0.6672795845009722,0.660365442896114,0.6553806859873572,0.6547559851148232,0.6342087207613909,0.5861142494513194,0.4292467337149023,0.14213932595587372,0.0019510691917841048,0,0,0,0,0
Summer,0,0,0,0,2.81679968040547e-05,0.14275370923027755,0.4108394339891089,0.5584373309310703,0.6324299874604753,0.6783875604973785,0.6892360610554507,0.6779123847924977,0.6689477428749541,0.651444234589548,0.6096883641512961,0.5600856541611371,0.45697493251336185,0.24144092299803502,0.030451303117854718,0,0,0,0,0
Fall,0,0,0,0,0.0,0.00014353635211371708,0.1913844272522942,0.4552189796436413,0.538983241657323,0.5579558807173048,0.5614144809766752,0.5551196750761717,0.5549056827650037,0.5518145032663182,0.5347391281123347,0.4424369766421222,0.1941729893222616,0.013563882455438001,0.0,0,0,0,0,0
Summer Peak,0,0,0,0,1.2314651869109337e-05,0.13802261814897743,0.4395468691641195,0.5995880848550644,0.7194219621933674,0.7768082399034169,0.7884702152234634,0.7770914768964065,0.7469205798170885,0.6765916029926051,0.593122892623782,0.5105285225376657,0.39148278291898575,0.17302085876098616,0.009531540546690627,0,0,0,0,0
Winter Peak,0,0,0,0,0.0,0.0,0.0,0.14344106497138553,0.5505265118085328,0.6068044708503625,0.49525835421997016,0.4014822802367025,0.38144634164566166,0.37323246884896577,0.3451920065430038,0.20636893602253423,0.00012314651869109336,0.0,0.0,0,0,0,0,0
