Unit: dimensionless (ratio of electricity demand in this hour to annual demand),Hour0,Hour1,Hour2,Hour3,Hour4,Hour5,Hour6,Hour7,Hour8,Hour9,Hour10,Hour11,Hour12,Hour13,Hour14,Hour15,Hour16,Hour17,Hour18,Hour19,Hour20,Hour21,Hour22,Hour23
Winter,0,0,0,0,0.0,0.0,0.03219058388157894,0.19093167489035084,0.32402172423245607,0.34026521381578956,0.33351836622807013,0.32568188048245617,0.33650459155701745,0.49862081962719296,0.4343133223684211,0.22558422423245617,0.032247121710526315,0.003531044407894737,0.0,0,0,0,0,0
Spring,0,0,0,0,0.0007776744851258582,0.00712421338672769,0.23189225185926773,0.3680657358409611,0.417347504290618,0.44117160683638446,0.4419291690503432,0.43622175343249425,0.43303060640732266,0.5151087850400458,0.4844800307494277,0.4167575443363844,0.2584918478260869,0.15496057994851256,0.0024760440503432493,0,0,0,0,0
Summer,0,0,0,0,0.0018190431922196794,0.014617151744851262,0.2794264874141876,0.3589682851830664,0.39401056564645304,0.425034861270023,0.42985510225972534,0.4178413722826086,0.414042387728833,0.4722897597254007,0.4486220859553777,0.3933513300915332,0.2958872640160183,0.194230906750572,0.017412757437070946,0,0,0,0,0
Fall,0,0,0,0,0.0,0.0,0.1881100355910268,0.327430705349439,0.36534728213977563,0.3706657139775669,0.380102728645384,0.3670055004314065,0.36541131902502144,0.4617767202329595,0.43247816005176887,0.33358498705780854,0.1127049180327869,0.036578542924935294,0.0,0,0,0,0,0
Summer Peak,0,0,0,0,0.0012335526315789473,0.010485197368421052,0.18832236842105263,0.3227796052631579,0.4099506578947369,0.4523026315789474,0.4525082236842105,0.4525082236842105,0.40851151315789475,0.2662417763157895,0.4636101973684211,0.39535361842105265,0.13671875,0.04851973684210527,0.006784539473684211,0,0,0,0,0
Winter Peak,0,0,0,0,0.0,0.0,0.0,0.19120065789473686,0.4183799342105263,0.42475328947368424,0.3912417763157895,0.23828125000000003,0.18523848684210525,0.1260279605263158,0.10217927631578949,0.046052631578947366,0.0004111842105263158,0.0,0.0,0,0,0,0,0
