pumped hydro,Hour0,Hour1,Hour2,Hour3,Hour4,Hour5,Hour6,Hour7,Hour8,Hour9,Hour10,Hour11,Hour12,Hour13,Hour14,Hour15,Hour16,Hour17,Hour18,Hour19,Hour20,Hour21,Hour22,Hour23
Winter,0,0,0,0,0,0.0028172889026020775,0.08126966985498305,0.046004576776715,0,0,0,0.0,0.0,0.0,0.0,0.0,0.006187904967602592,0.1857312557852515,0.47111976756145213,0.3033667592306901,0.1061616784942919,0.018920600637663276,0.00036382803661421374,0
Spring,0,0,0,0,0,0.004464537246958131,0.017822263659901,0.004478623076613499,0,0,0,0.0,0.0,0.0,0.0,0.0,0.014087506539849486,0.13260433575251868,0.5537183236521201,0.6540718109010902,0.21810029110714624,0.03146573118870987,0.0,0
Summer,0,0,0,0,0,0.0,0.0,0.0,0,0,0,0.015245562963658562,0.09011443059710503,0.18852507948432454,0.28189702587768145,0.35313141408314674,0.47150235434581417,0.6343305206390936,0.7715623868102963,0.7482758273748032,0.5029597011121101,0.16404659055846965,0.0,0
Fall,0,0,0,0,0,0.0,0.0,0.0,0,0,0,0.0,0.0,0.0,0.013807719738392827,0.03134885508925094,0.0733547124192594,0.41592303529066627,0.6392587796723337,0.3550528323073734,0.059401823966494856,0.0,0.0,0
Summer Peak,0,0,0,0,0,0.0,0.0,0.0,0,0,0,0.0,0.0,0.0,0.7324899722307929,0.825609379821043,0.825609379821043,0.825609379821043,0.825609379821043,0.825609379821043,0.825609379821043,0.6180191298981795,0.0,0
Winter Peak,0,0,0,0,0,0.0,0.0,0.0,0,0,0,0.0,0.0,0.0,0.0,0.0,0.0,0.0,0.0,0.24652884912064177,0.0,0.0,0.0,0
