Unit: dimensionless (ratio of electricity demand in this hour to annual demand),Hour0,Hour1,Hour2,Hour3,Hour4,Hour5,Hour6,Hour7,Hour8,Hour9,Hour10,Hour11,Hour12,Hour13,Hour14,Hour15,Hour16,Hour17,Hour18,Hour19,Hour20,Hour21,Hour22,Hour23
Winter,0,0,0,0,0,0,0.1129764521069905,0.08872713821902693,0.0242285346986851,0.0242285346986851,0.0242285346986851,0.0242285346986851,0.0242285346986851,0.0242285346986851,0.0242285346986851,0.0242285346986851,0.0242285346986851,0.2907424163842213,0.7943468477369926,0.627725455309443,0.23812950913115896,0.01211426734934255,0,0
Spring,0,0,0,0,0,0,0.015801218281751156,0.015801218281751156,0.015801218281751156,0.015801218281751156,0.015801218281751156,0.015801218281751156,0.015801218281751156,0.015801218281751156,0.015801218281751156,0.015801218281751156,0.015801218281751156,0.015801218281751156,0.251970256076638,0.3050294641776812,0.09480730969050694,0.0,0,0
Summer,0,0,0,0,0,0,0.0,0.0,0.0,0.0,0.0,0.0,0.03160243656350231,0.11999530086804966,0.23629551981658173,0.3635545025019715,0.9239511684818125,0.95,0.95,0.95,0.12640974625400925,0.0,0,0
Fall,0,0,0,0,0,0,0.0,0.0,0.0,0.0,0.0,0.0,0.0,0.0,0.0,0.0,0.0,0.09532538242105613,0.19065076484211232,0.023831345605264034,0.0,0.0,0,0
Summer Peak,0,0,0,0,0,0,0.0,0.0,0.0,0.0,0.0,0.0,0.0,0.0,0.0,0.0,0.0,0.95,0.95,0.95,0.0,0.0,0,0
Winter Peak,0,0,0,0,0,0,0.0,0.0,0.0,0.0,0.0,0.0,0.0,0.0,0.0,0.0,0.0,0.0,0.0,0.0,0.0,0.0,0,0
