solar pv,Hour0,Hour1,Hour2,Hour3,Hour4,Hour5,Hour6,Hour7,Hour8,Hour9,Hour10,Hour11,Hour12,Hour13,Hour14,Hour15,Hour16,Hour17,Hour18,Hour19,Hour20,Hour21,Hour22,Hour23
Winter,0,0,0,0,0.0,0.0,0.0008677402254299593,0.1737382570457725,0.4210445471847324,0.47800211177641244,0.466663262911818,0.45007408598319254,0.4541902032693426,0.468781557152665,0.4477134371550984,0.28409693314446105,0.0452795713876022,2.0639790039020065e-06,0.0,0,0,0,0,0
Spring,0,0,0,0,1.1813564035491747e-05,0.07243452841338675,0.30602942582276726,0.5254140993664674,0.6309002641893126,0.6699094673630606,0.6769166760813075,0.6699026779584422,0.6648459293988823,0.6642122063718291,0.6433681910418965,0.5945791220919623,0.4354460693149325,0.14419215318634906,0.0019792472342681344,0,0,0,0,0
Summer,0,0,0,0,2.8574809137506015e-05,0.14481540960481182,0.41677292475089667,0.5665024835673306,0.6415637686353705,0.6881850774592718,0.699190255961366,0.6877030390960825,0.6786089265980642,0.6608526263552214,0.6184937026289972,0.5681746124738951,0.46357472872598277,0.24492789958208985,0.030891091781712583,0,0,0,0,0
Fall,0,0,0,0,0.0,0.00014560935569805664,0.19414846993443274,0.4617934157538264,0.546767431344472,0.5660140800765442,0.569522630683885,0.5631369129342065,0.5629198300691717,0.559784006645193,0.5424620227863283,0.4488268104710943,0.1969773054200267,0.013759776920732806,0.0,0,0,0,0,0
Summer Peak,0,0,0,0,3.4979012592444535e-05,0.1958674795122926,0.541684989006596,0.7086098340995404,0.793541375174895,0.8312212672396562,0.8317909254447331,0.8173745752548471,0.7980111932840296,0.7806765940435739,0.755059464321407,0.7098066160303818,0.5933315010993404,0.3518214071557066,0.05230861483110134,0,0,0,0,0
Winter Peak,0,0,0,0,0.0,0.0,0.0005746552068758744,0.3689336398161104,0.7531131321207275,0.7917999200479712,0.7362457525484709,0.6889891065360784,0.687342594443334,0.7081126324205477,0.709856586048371,0.613819208474915,0.24675694583250052,2.2486508095142912e-05,0.0,0,0,0,0,0
