solar pv,Hour0,Hour1,Hour2,Hour3,Hour4,Hour5,Hour6,Hour7,Hour8,Hour9,Hour10,Hour11,Hour12,Hour13,Hour14,Hour15,Hour16,Hour17,Hour18,Hour19,Hour20,Hour21,Hour22,Hour23
Winter,0,0,0,0,0.0,0.0,0.0006460637365814893,0.1293543669460868,0.3134827745096691,0.3558897252632187,0.3474475453903623,0.33509630786647243,0.33816090489236245,0.34902469146739545,0.33333872010237,0.21152036150877632,0.03371226574979587,1.5367064340320853e-06,0.0,0,0,0,0,0
Spring,0,0,0,0,8.795622352683646e-06,0.05393010570771102,0.22784988935251738,0.391189651397228,0.4697278864655976,0.4987716380688041,0.5039887564123428,0.49876658311342875,0.4950016523500502,0.4945298228153379,0.4790107054173338,0.442685492794503,0.32420522453241396,0.10735623236452402,0.0014736205909507678,0,0,0,0,0
Summer,0,0,0,0,2.1274970806306285e-05,0.10782026913354775,0.31030239832104445,0.42178142788627143,0.477667248184204,0.5123784856034038,0.5205722359176597,0.5120195907441233,0.5052486976482651,0.492028494934867,0.4604907561760411,0.42302638786134433,0.3451480208573471,0.18235761044574647,0.022999526354429523,0,0,0,0,0
Fall,0,0,0,0,0.0,0.00010841139049062425,0.1445505028596176,0.3438217694273846,0.4070879733164856,0.42141779396108314,0.4240300357921457,0.4192756397768316,0.41911401379382185,0.4167792807260404,0.4038824421459028,0.3341676664893904,0.14665667239104802,0.010244647685350293,0.0,0,0,0,0,0
Summer Peak,0,0,0,0,9.3011178901942e-06,0.1042469293132966,0.3319848008547016,0.45286212895566536,0.5433713071451451,0.5867145165134501,0.5955226751554641,0.5869284422249246,0.5641407033939488,0.5110220191230498,0.44797904206331346,0.38559644437378093,0.2956825377292736,0.1306807063572285,0.007199065247010312,0,0,0,0,0
Winter Peak,0,0,0,0,0.0,0.0,0.0,0.10833942118498203,0.41580647528113174,0.4583125840393192,0.3740630581899402,0.3032350454561113,0.28810212664876533,0.28189828101600584,0.26071963558003364,0.1558681336038744,9.3011178901942e-05,0.0,0.0,0,0,0,0,0
