Unit: dimensionless (ratio of electricity demand in this hour to annual demand),Hour0,Hour1,Hour2,Hour3,Hour4,Hour5,Hour6,Hour7,Hour8,Hour9,Hour10,Hour11,Hour12,Hour13,Hour14,Hour15,Hour16,Hour17,Hour18,Hour19,Hour20,Hour21,Hour22,Hour23
Winter,0,0,0,0,0,0,0.013233651278726994,0.013233651278726994,0,0,0,0,0,0.0,0.0,0.0,0.0,0.005204601462137234,0.95,0.16691220359823652,0.0440963032417054,0,0,0
Spring,0,0,0,0,0,0,0.0,0.0,0,0,0,0,0,0.0,0.0,0.0,0.0,0.0,0.15907701552751902,0.2665771480606876,0.023615258224941347,0,0,0
Summer,0,0,0,0,0,0,0.0,0.0,0,0,0,0,0,0.0006209095063525333,0.07281198811160708,0.1820092732954726,0.44552326779148765,0.7985103221529029,0.95,0.4179755826929803,0.03255635511641783,0,0,0
Fall,0,0,0,0,0,0,0.0,0.0,0,0,0,0,0,0.0,0.0,0.0,0.0,0.0,0.0,0.0,0.0,0,0,0
Summer Peak,0,0,0,0,0,0,0.0,0.0,0,0,0,0,0,0.0,0.0,0.0,0.0,0.0,0.95,0.05712367458443306,0.0,0,0,0
Winter Peak,0,0,0,0,0,0,0.0,0.0,0,0,0,0,0,0.0,0.0,0.0,0.0,0.0,0.0,0.0,0.0,0,0,0
