petroleum,Hour0,Hour1,Hour2,Hour3,Hour4,Hour5,Hour6,Hour7,Hour8,Hour9,Hour10,Hour11,Hour12,Hour13,Hour14,Hour15,Hour16,Hour17,Hour18,Hour19,Hour20,Hour21,Hour22,Hour23
Winter,0,0,0,0,0,0,0.013809027421280342,0.013809027421280342,0,0,0,0,0,0,0.0,0.0,0.0,0.0004967276050820266,0.9304867074264886,0.09518956672055237,0.0,0,0,0
Spring,0,0,0,0,0,0,0.0,0.0,0,0,0,0,0,0,0.0,0.0,0.0,0.0,0.15907701552751902,0.2665771480606876,0.023615258224941347,0,0,0
Summer,0,0,0,0,0,0,0.0,0.0,0,0,0,0,0,0,0.0006565939607406098,0.03311422208668476,0.178702989648236,0.5087508872471825,0.95,0.18496251874062977,0.0006565939607406098,0,0,0
Fall,0,0,0,0,0,0,0.0,0.0,0,0,0,0,0,0,0.0,0.0,0.0,0.0,0.0,0.0,0.0,0,0,0
Summer Peak,0,0,0,0,0,0,0.0,0.0,0,0,0,0,0,0,0.0,0.0,0.0,0.0,0.95,0.05712367458443306,0.0,0,0,0
Winter Peak,0,0,0,0,0,0,0.0,0.0,0,0,0,0,0,0,0.0,0.0,0.0,0.0,0.0,0.0,0.0,0,0,0
