Unit: dimensionless (ratio of electricity demand in this hour to annual demand),Hour0,Hour1,Hour2,Hour3,Hour4,Hour5,Hour6,Hour7,Hour8,Hour9,Hour10,Hour11,Hour12,Hour13,Hour14,Hour15,Hour16,Hour17,Hour18,Hour19,Hour20,Hour21,Hour22,Hour23
Winter,0,0,0,0,0.0,0.0,0.0008555283496568724,0.18187139799453658,0.43488073822373213,0.4910770204543941,0.4778958666466785,0.46002887850622937,0.46390488623492565,0.47875368528882667,0.45863606835898474,0.29783536128323007,0.05367446198947298,2.9149177160370443e-06,0.0,0,0,0,0,0
Spring,0,0,0,0,1.1813564035491747e-05,0.07243452841338675,0.30602942582276726,0.5254140993664674,0.6309002641893126,0.6699094673630606,0.6769166760813075,0.6699026779584422,0.6648459293988823,0.6642122063718291,0.6433681910418965,0.5945791220919623,0.4354460693149325,0.14419215318634906,0.0019792472342681344,0,0,0,0,0
Summer,0,0,0,0,2.8922863673100497e-05,0.1475899786215227,0.42356162389522795,0.5742257091397334,0.6498234211646924,0.6959587834255971,0.706396814085462,0.6947504051916676,0.6850981802223014,0.6673647985121971,0.625915754894889,0.5758720039715302,0.47062672722453464,0.25073732934152554,0.032055087599614146,0,0,0,0,0
Fall,0,0,0,0,0.0,0.00014560935569805664,0.19414846993443274,0.4617934157538264,0.546767431344472,0.5660140800765442,0.569522630683885,0.5631369129342065,0.5629198300691717,0.559784006645193,0.5424620227863283,0.4488268104710943,0.1969773054200267,0.013759776920732806,0.0,0,0,0,0,0
Summer Peak,0,0,0,0,1.2492504497301619e-05,0.14001599040575655,0.4458949630221867,0.6082475514691185,0.7298121127323606,0.7880271836897861,0.7998575854487308,0.788314511293224,0.7577078752748351,0.6863631820907455,0.6016889866080352,0.5179017589446332,0.39713671796921846,0.17551968818708774,0.009669198480911453,0,0,0,0,0
Winter Peak,0,0,0,0,0.0,0.0,0.0,0.14551269238456924,0.5584774135518689,0.6155681591045372,0.5024110533679792,0.40728063162102734,0.38695532680391764,0.3786228263042175,0.3501773935638617,0.2093493903657805,0.00012492504497301618,0.0,0.0,0,0,0,0,0
