solar pv,Hour0,Hour1,Hour2,Hour3,Hour4,Hour5,Hour6,Hour7,Hour8,Hour9,Hour10,Hour11,Hour12,Hour13,Hour14,Hour15,Hour16,Hour17,Hour18,Hour19,Hour20,Hour21,Hour22,Hour23
Winter,0,0,0,0,0.0,0.0,0.000860482351401463,0.17228509128646485,0.4175228846015119,0.4740040499014897,0.4627600404073377,0.446309617166574,0.4503913067981405,0.4648606170037737,0.44396871306313107,0.28172071536381943,0.04490084810664253,2.046715658065573e-06,0.0,0,0,0,0,0
Spring,0,0,0,0,1.17147540955069e-05,0.07182867810573575,0.30346976227768485,0.5210194784485446,0.6256233454665898,0.6643062714040292,0.6712548710631614,0.6642995387867326,0.6592850854244721,0.6586566629260385,0.6379869892171108,0.589605997369089,0.43180395082754114,0.14298611426703353,0.0019626925942081443,0,0,0,0,0
Summer,0,0,0,0,2.833580631266223e-05,0.14360415770073418,0.4132869904843008,0.56176419491588,0.6361976591966895,0.6824290223011564,0.6933421522881668,0.6819510157594898,0.6729329674117519,0.6553251828036556,0.6133205537423299,0.5634223379536238,0.45969733905879245,0.24287929587658552,0.030632715315825808,0,0,0,0,0
Fall,0,0,0,0,0.0,0.0001443914631421326,0.192524590925123,0.45793092518290746,0.5421942088254672,0.5612798764852387,0.5647590811920618,0.5584267742831517,0.5582115071229119,0.5551019120685764,0.5379248111747822,0.4450727740030985,0.19532976572172261,0.013644688643591562,0.0,0,0,0,0,0
Summer Peak,0,0,0,0,1.2388015825133734e-05,0.1388448813680989,0.44216544884649833,0.6031601025099363,0.7237078845043127,0.7814360382494359,0.7931674892358376,0.781720962613414,0.7513703238418363,0.6806223654644976,0.5966563942017411,0.5135699720625692,0.39381502308100136,0.17405162234312896,0.00958832424865351,0,0,0,0,0
Winter Peak,0,0,0,0,0.0,0.0,0.0,0.1442956083311577,0.5538062474626035,0.6104194797834647,0.49820883243940334,0.4038740919310099,0.3837187901835174,0.37545598362815324,0.3472484715943237,0.2075983691975911,0.00012388015825133734,0.0,0.0,0,0,0,0,0
